timestamp,time_delta,velocity,displacement
0.0,0.0999426558531989,-0.0145043307245243,0.0355393024937625
0.0999426558531989,0.0999426558531989,0.0108074051449832,0.1386001129596171
0.1998853117063979,0.0999426558531989,0.0119872394996986,0.0744064511353176
0.2998279675595969,0.0999426558531989,0.0097806416020554,-0.0161169524389176
0.3997706234127959,0.0999426558531989,-0.0160575488767121,0.0100484522012729
0.4997132792659949,0.0999426558531989,0.0434490987862809,-0.025832660671187
0.5996559351191939,0.0999426558531989,0.0297359084221709,-0.0988071681171978
0.699598590972393,0.0999426558531989,-0.0108331393398984,0.018700895976109
0.7995412468255919,0.0999426558531989,-0.0047249144324217,0.0282364256297555
0.8994839026787909,0.0999426558531989,0.0178009495300357,-0.1150284223787518
0.99942655853199,0.0999426558531989,0.0239798830406623,0.1004276817561095
1.099369214385189,0.0999426558531989,0.0234884805686422,0.0530718984005009
1.1993118702383878,0.0999426558531989,-0.0026841991143766,0.1007723510782551
1.2992545260915869,0.0999426558531989,0.0081543421180627,-0.0382483418018996
1.399197181944786,0.0999426558531989,-0.0065894230884558,0.0118538231337644
1.4991398377979848,0.0999426558531989,0.0210494105924677,-0.0440604580160902
1.5990824936511838,0.0999426558531989,-0.016310904942546,0.0782208651917198
1.6990251495043829,0.0999426558531989,0.0094538652431801,0.0144723502544247
1.7989678053575815,0.0999426558531989,0.016500288655475,0.0472530717207552
1.8989104612107808,0.0999426558531989,0.0147536069003574,-0.0011922990376219
1.99885311706398,0.0999426558531989,0.0164830505158926,0.0775469683536122
2.0987957729171787,0.0999426558531989,0.0222340511059504,-0.0410435450808002
2.198738428770378,0.0999426558531989,-0.0216152314399019,-0.0619281474557504
2.298681084623577,0.0999426558531989,0.0481407332417147,0.0240777757563072
2.398623740476776,0.0999426558531989,0.0231797894838498,-0.0536943165104344
2.498566396329975,0.0999426558531989,0.0295362371551396,-0.0059645917634336
2.5985090521831737,0.0999426558531989,0.0591318032702722,0.0283914716562282
2.698451708036373,0.0999426558531989,-0.0064500794009712,-0.0186358577241163
2.798394363889572,0.0999426558531989,0.0170849462932674,-0.0096383476503457
2.8983370197427707,0.0999426558531989,-0.021189497738512,-0.0337528321442691
2.998279675595969,0.0999426558531989,0.0227138977394322,0.0353378117945479
3.098222331449169,0.0999426558531989,-0.0165363866842002,-0.0268780934039884
3.198164987302368,0.0999426558531989,-0.0025234954971878,-0.0437508784338572
3.2981076431555665,0.0999426558531989,0.0190546919381769,-0.0745102123559717
3.3980502990087658,0.0999426558531989,0.0062009230165102,-0.0056698475099898
3.4979929548619646,0.0999426558531989,0.0369521605459856,-0.0005532690092952
3.5979356107151634,0.0999426558531989,-0.0012959240121475,-0.0195514317750613
3.6978782665683623,0.0999426558531989,-0.002608040272392,0.0518277393021181
3.7978209224215616,0.0999426558531989,0.0123378591762273,-0.031344219795897
3.89776357827476,0.0999426558531989,0.0224868404457869,-0.0537727078768223
3.99770623412796,0.0999426558531989,0.0397905504946189,-0.0166905871217636
4.097648889981159,0.0999426558531989,0.0217843666506989,0.043805793509146
4.197591545834357,0.0999426558531989,0.0011166919465176,0.076585959530281
4.297534201687556,0.0999426558531989,0.0094523874581384,-0.0499220013321583
4.397476857540756,0.0999426558531989,-0.0126680477090703,0.0237013719270265
4.497419513393955,0.0999426558531989,-0.0002990997173183,0.0454690252640194
4.597362169247154,0.0999426558531989,0.0019469181366031,-0.0287279713972095
4.697304825100352,0.0999426558531989,0.0153205762408557,0.049093900899353
4.797247480953551,0.0999426558531989,0.0329284376575087,-0.0161205166351198
4.89719013680675,0.0999426558531989,-0.0167327601968252,0.0146735261655497
4.99713279265995,0.0999426558531989,-0.0051824299128784,-0.0785559730966257
5.097075448513149,0.0999426558531989,0.0202209898678585,0.085601070340836
5.197018104366348,0.0999426558531989,-0.0419504485585261,0.0605755772976289
5.296960760219546,0.0999426558531989,0.0121669238717644,-0.0542365551102006
5.396903416072745,0.0999426558531989,0.0279879981340141,0.0120655428343479
5.496846071925944,0.0999426558531989,0.0250784966964507,-0.0123458432320769
5.596788727779144,0.0999426558531989,0.004374708385294,0.0509279089531014
5.696731383632343,0.0999426558531989,0.010575761936797,-0.0494779347162259
5.796674039485541,0.0999426558531989,-0.0222028500195883,-0.0728039002932116
5.89661669533874,0.0999426558531989,0.0469629047210037,0.0010033204911012
5.996559351191939,0.0999426558531989,-0.0018761176754953,-0.0134819972476837
6.096502007045138,0.0999426558531989,-0.0124364179304102,0.0001290320261873
6.196444662898338,0.0999426558531989,0.0317269258990942,-0.035884488452165
6.2963873187515365,0.0999426558531989,0.0028546745918691,0.0571789257131601
6.396329974604735,0.0999426558531989,0.0118014210573339,0.1267927383248138
6.496272630457934,0.0999426558531989,0.0324604611134738,0.0755898690247527
6.596215286311133,0.0999426558531989,0.041922383535077,-0.023589598387349
6.696157942164333,0.0999426558531989,0.0153645563269848,0.0045560704397005
6.796100598017532,0.0999426558531989,0.0026224651948665,-0.074196141403061
6.89604325387073,0.0999426558531989,0.0226877047919086,-0.0221944570370632
6.995985909723929,0.0999426558531989,0.0226106273703451,-0.0094373248358172
7.095928565577128,0.0999426558531989,0.0128413933448609,0.0771193480724087
7.195871221430327,0.0999426558531989,-0.0048120317676279,0.0176289866641947
7.295813877283527,0.0999426558531989,-0.0065200751648808,0.1002332877556179
7.395756533136725,0.0999426558531989,0.0076539601277734,0.0494499568480093
7.495699188989924,0.0999426558531989,-0.0082994433119369,-0.0267274393697009
7.595641844843123,0.0999426558531989,-0.0442054674179584,0.0429844775409755
7.695584500696322,0.0999426558531989,-0.0112650355821824,0.0042130056773222
7.795527156549521,0.0999426558531989,-0.0135913748939696,-0.0520779119012035
7.89546981240272,0.0999426558531989,0.0117647160140331,-0.0617711025786268
7.995412468255919,0.0999426558531989,0.0246513201267865,0.0254736874242048
8.095355124109117,0.0999426558531989,-0.0218507514836557,0.0216965752192392
8.195297779962317,0.0999426558531989,-0.0334223987228237,0.0464262657623531
8.295240435815517,0.0999426558531989,0.0181046442939725,-0.0408016637391675
8.395183091668715,0.0999426558531989,-0.0130254992540692,-0.0361333998820717
8.495125747521914,0.0999426558531989,0.0352284636932192,-0.0021810118987431
8.595068403375112,0.0999426558531989,0.0144561939315055,-0.019330777679416
8.695011059228312,0.0999426558531989,-0.0148789264024235,-0.0630623681567932
8.794953715081512,0.0999426558531989,0.04808308673274,0.0253896067734194
8.89489637093471,0.0999426558531989,-0.0101956042864068,0.0825966726494222
8.99483902678791,0.0999426558531989,0.0158635330516728,0.023812957321436
9.094781682641107,0.0999426558531989,-0.0013464512607955,0.058121815957184
9.194724338494307,0.0999426558531989,0.0398020252188201,-0.0339662407420432
9.294666994347503,0.0999426558531989,0.0067837870068091,-0.1065654488029921
9.394609650200705,0.0999426558531989,-0.0140921785713755,-0.0296350939788479
9.494552306053905,0.0999426558531989,0.0119987212072534,-0.0011533066774517
9.594494961907102,0.0999426558531989,-0.0310806176048528,-0.0081893786111005
9.694437617760302,0.0999426558531989,0.0344033337396627,0.0193057177786101
9.7943802736135,0.0999426558531989,0.0119806063882133,0.069856863462363
9.8943229294667,0.0999426558531989,-0.0207468992383626,0.0572393204403369
9.9942655853199,0.0999426558531989,0.0137600137494853,0.1022017516865654
10.094208241173098,0.0999426558531989,0.0257376355598389,-0.0278810732563581
10.194150897026296,0.0999426558531989,0.0053276272621587,-0.064179795504155
10.294093552879495,0.0999426558531989,-0.0209142300580453,0.0199965900747714
10.394036208732697,0.0999426558531989,-0.0346436126702523,-0.0612752817925504
10.493978864585896,0.0999426558531989,0.0033968997621093,0.017235576757541
10.593921520439093,0.0999426558531989,0.0022970205077901,0.0626136136938262
10.693864176292292,0.0999426558531989,-0.0183622150822484,-0.0374594044209315
10.79380683214549,0.0999426558531989,0.0165949378060468,0.0054065150497798
10.89374948799869,0.0999426558531989,0.0318773355160083,-0.0662792784280058
10.993692143851888,0.0999426558531989,-0.0085275857112836,-0.0190422512965133
11.093634799705088,0.0999426558531989,0.0115068771724181,-0.0138935816004729
11.193577455558287,0.0999426558531989,0.0311681850977707,-0.0072501073557449
11.293520111411484,0.0999426558531989,0.0284856544677051,0.0212768192684653
11.393462767264683,0.0999426558531989,-0.0275216820165747,0.0526408299542
11.493405423117885,0.0999426558531989,-0.0091594513560761,-0.0365764678784503
11.593348078971085,0.0999426558531989,0.0034353399001702,-0.107055180641977
11.693290734824282,0.0999426558531989,0.0204408489355642,0.0533940340523692
11.79323339067748,0.0999426558531989,0.0119935169973352,-0.1063123403776177
11.89317604653068,0.0999426558531989,0.0167788277684769,-0.058550082335275
11.993118702383878,0.0999426558531989,0.0040151188597548,0.0725386946827141
12.093061358237078,0.0999426558531989,0.0156636050121043,-0.0124553658512918
12.193004014090276,0.0999426558531989,0.0175719035921792,-0.040552568593345
12.292946669943476,0.0999426558531989,-0.0167173269855382,-0.0552818068129915
12.392889325796675,0.0999426558531989,0.0585388725072785,-0.0167088851195384
12.492831981649871,0.0999426558531989,0.0013855848995794,0.0785972835248886
12.592774637503071,0.0999426558531989,-0.0110587811615027,-0.0041922246968754
12.69271729335627,0.0999426558531989,-0.006794350134785,-0.0238468286028454
12.79265994920947,0.0999426558531989,-0.0210797623956052,0.0158788352567379
12.89260260506267,0.0999426558531989,0.0092717882667609,0.0069344325121518
12.992545260915868,0.0999426558531989,-0.0340972839740454,-0.0445606111672563
13.092487916769068,0.0999426558531989,-0.0062424352929403,-0.0798799341988083
13.192430572622266,0.0999426558531989,0.0187190741165599,-0.0917547191451742
13.292373228475466,0.0999426558531989,0.0422536372979229,0.0559623836292387
13.392315884328664,0.0999426558531989,-0.0010071301130868,-0.0475111516247535
13.492258540181863,0.0999426558531989,0.0330983748795988,0.0646123757098071
13.592201196035065,0.0999426558531989,0.0427932705696439,-0.0153888583312948
13.69214385188826,0.0999426558531989,0.0213299566138361,0.0391833098318454
13.79208650774146,0.0999426558531989,0.0360088077890861,-0.0258968183515508
13.89202916359466,0.0999426558531989,0.0314657447170466,0.0065896745551345
13.991971819447858,0.0999426558531989,0.0060881902033986,-0.0299821371040105
14.091914475301058,0.0999426558531989,0.0060799799283791,7.22358747994085e-05
14.191857131154256,0.0999426558531989,-0.0105947765340795,0.0878339970928061
14.291799787007456,0.0999426558531989,0.0283519237849104,-0.0070403478287774
14.391742442860654,0.0999426558531989,-0.0294316737912886,-0.0806501416884452
14.491685098713852,0.0999426558531989,0.0069501831314817,-0.0366256903143514
14.591627754567051,0.0999426558531989,0.0006949323104636,-0.0596160042273145
14.691570410420251,0.0999426558531989,0.0043228537622955,-0.002716629742188
14.79151306627345,0.0999426558531989,-0.0080179228441615,0.0025299922306408
14.891455722126649,0.0999426558531989,0.0319599899511318,-0.018929467988384
14.991398377979849,0.0999426558531989,0.0396073411405668,-0.0443388526273923
15.091341033833046,0.0999426558531989,0.0237400881101901,0.039934664415693
15.191283689686246,0.0999426558531989,0.0188692989431961,0.0401109645472051
15.291226345539446,0.0999426558531989,0.0049438570692727,0.0607647058495637
15.391169001392644,0.0999426558531989,-0.0018230060488625,-0.0228937840256173
15.491111657245844,0.0999426558531989,0.0044326277822372,-0.0250595389744065
15.591054313099042,0.0999426558531989,0.0174128453605168,0.0816887426846803
15.69099696895224,0.0999426558531989,0.0097974795417627,0.0392938949951579
15.79093962480544,0.0999426558531989,-0.0017455520633899,-0.0552973694849092
15.89088228065864,0.0999426558531989,-0.030602825151669,-0.0215136359353464
15.99082493651184,0.0999426558531989,0.0085029398451559,-0.0166494546323289
16.090767592365037,0.0999426558531989,0.0207111627324775,-0.0491690153294914
16.190710248218235,0.0999426558531989,-0.0181485706619976,-0.0252254237027288
16.290652904071436,0.0999426558531989,-0.0045974886434967,-0.0323705004130696
16.390595559924634,0.0999426558531989,0.0114912301630771,-0.0266055347275078
16.490538215777832,0.0999426558531989,0.0174530211305187,-0.0295646765278218
16.590480871631033,0.0999426558531989,-0.0077773635050689,-0.0475471819686676
16.69042352748423,0.0999426558531989,-0.0296491569072532,0.0252477136247177
16.79036618333743,0.0999426558531989,0.0277177047499804,-0.1008343609769161
16.89030883919063,0.0999426558531989,-0.0030506983996368,-0.0835665539600918
16.99025149504383,0.0999426558531989,-0.0021732539961114,0.0132503187174527
17.090194150897027,0.0999426558531989,0.0011994140664523,0.0151049410936216
17.190136806750225,0.0999426558531989,0.0157106808725686,0.1294911673649473
17.290079462603426,0.0999426558531989,0.0060865442806913,-0.1519951491258255
17.390022118456624,0.0999426558531989,0.0557456052288471,-0.0798950359693934
17.489964774309822,0.0999426558531989,0.0051547640149423,0.0657538585613333
17.589907430163024,0.0999426558531989,0.0496813695395772,-0.0288176016653221
17.68985008601622,0.0999426558531989,0.0305451055860728,-0.0309273060700072
17.78979274186942,0.0999426558531989,-0.0333535659558663,0.0239145554459447
17.889735397722617,0.0999426558531989,0.0291952996296808,0.0625191557797047
17.98967805357582,0.0999426558531989,-0.0045739144535444,-0.0458642695120218
18.089620709429017,0.0999426558531989,-0.0171937259911035,-0.0435434991560791
18.18956336528221,0.0999426558531989,-0.0019410569542727,-0.0466229002130598
18.289506021135416,0.0999426558531989,-0.0186377432955196,-0.0480585761702825
18.38944867698861,0.0999426558531989,0.0123934327035676,-0.0012640680361454
18.48939133284181,0.0999426558531989,-0.0224945790758531,0.0549807406077886
18.58933398869501,0.0999426558531989,0.0403604936693562,-0.0304079658864446
18.68927664454821,0.0999426558531989,0.025935170457873,-0.0231892722748018
18.78921930040141,0.0999426558531989,-0.0027839160308823,0.0539473568457205
18.889161956254608,0.0999426558531989,-0.0107708241905027,-0.0167889755895567
18.98910461210781,0.0999426558531989,0.0246546517235983,0.0098678309854728
19.089047267961007,0.0999426558531989,-0.0101833356086281,-0.0234458100639373
19.188989923814205,0.0999426558531989,0.0022840728331764,-0.0517136548096054
19.288932579667406,0.0999426558531989,-0.0073927687392861,-0.0141914221654328
19.388875235520604,0.0999426558531989,0.0223657872355426,0.01766874074708
19.4888178913738,0.0999426558531989,0.0192423190691042,0.0916145021332221
19.588760547227,0.0999426558531989,-0.0023232129181327,0.0077870145655903
19.6887032030802,0.0999426558531989,0.0111285131695214,0.028375328828787
19.7886458589334,0.0999426558531989,0.0082925931793113,0.0092072884680264
19.8885885147866,0.0999426558531989,0.0007826222806586,0.0664736725604013
19.9885311706398,0.0999426558531989,0.0125624948577431,-0.0900083688307585
20.088473826493,0.0999426558531989,0.0003092142991255,-0.0475310783554424
20.188416482346195,0.0999426558531989,-0.0166404681966581,0.0520551602673277
20.288359138199397,0.0999426558531989,0.0111830402681953,-0.0575000986047004
20.388301794052595,0.0999426558531989,0.0400159924848761,0.0656018932681266
20.488244449905796,0.0999426558531989,-0.0067876901642477,0.0529184676774163
20.58818710575899,0.0999426558531989,-0.0011258019997796,-0.014204750701404
20.688129761612192,0.0999426558531989,0.014747386343911,0.0313451261522158
20.78807241746539,0.0999426558531989,-0.0043851630026998,-0.0162985427293143
20.888015073318588,0.0999426558531989,0.040330079016037,-0.1087172671268725
20.98795772917179,0.0999426558531989,0.0258517908283451,0.006043684820164
21.087900385024987,0.0999426558531989,0.021878232591314,0.0882187363602887
21.187843040878185,0.0999426558531989,-0.004308854287205,0.0067567437676506
21.287785696731383,0.0999426558531989,0.0188731773903069,0.0217260272441342
21.387728352584585,0.0999426558531989,0.063137157790258,0.0068391967598841
21.487671008437783,0.0999426558531989,0.0210356721873627,-0.0521514702497722
21.58761366429098,0.0999426558531989,-0.0131007830281392,0.0505201439575085
21.687556320144186,0.0999426558531989,-0.0088396991764835,-0.0191885348258571
21.78749897599738,0.0999426558531989,-0.0266376958223409,-0.0024701592629283
21.887441631850574,0.0999426558531989,0.0016373842147586,-0.0340832575739509
21.987384287703776,0.0999426558531989,-0.0127553154549677,0.0177047146869849
22.087326943556977,0.0999426558531989,0.0039971512283198,0.0568767834024297
22.187269599410172,0.0999426558531989,-0.0326102223528723,0.0391893493582812
22.287212255263373,0.0999426558531989,-0.0054125776090484,-0.0655812272444224
22.38715491111657,0.0999426558531989,0.0106044071157695,-0.0416894504892613
22.487097566969773,0.0999426558531989,-0.002043876091286,0.0312088701813508
22.58704022282297,0.0999426558531989,-0.0073792033064761,0.0335461851761528
22.68698287867617,0.0999426558531989,0.0382461222357931,0.0294033783831252
22.78692553452937,0.0999426558531989,0.0484487985105952,0.0814363637511586
22.886868190382568,0.0999426558531989,0.0074579594187904,0.0678410174777583
22.98681084623577,0.0999426558531989,-0.0115252723999612,0.0658364238244042
23.086753502088968,0.0999426558531989,0.026324663777562,0.0393296492280174
23.18669615794217,0.0999426558531989,0.0133801058882789,0.0186200647334361
23.286638813795363,0.0999426558531989,0.0356326505259028,0.0366644792148113
23.386581469648565,0.0999426558531989,0.0240733767148165,-0.0563305383745612
23.486524125501763,0.0999426558531989,-0.0181860632127034,0.0626769408923018
23.58646678135496,0.0999426558531989,-0.0128055434937763,0.0603593286236949
23.68640943720816,0.0999426558531989,0.0151549681607692,0.0278933211159802
23.78635209306136,0.0999426558531989,-0.0026642460618168,-0.0773413353194921
23.88629474891456,0.0999426558531989,-0.0065038608923612,-0.1044620138382279
23.98623740476776,0.0999426558531989,0.0079480597639689,0.1443277472487852
24.08618006062096,0.0999426558531989,-0.0370787214734358,0.047817672092866
24.18612271647416,0.0999426558531989,0.0399746816513361,0.0017818811459144
24.286065372327357,0.0999426558531989,0.0321949196329223,0.022411359055046
24.38600802818055,0.0999426558531989,0.0393889287014026,0.0524173438401104
24.485950684033757,0.0999426558531989,-0.0025733378400094,-0.0352012468126808
24.58589333988695,0.0999426558531989,0.0072876708802999,-0.0058565995730025
24.68583599574015,0.0999426558531989,0.0258725287024048,-0.0295462635733044
24.78577865159335,0.0999426558531989,0.0109785236281808,-0.0041147094727641
24.88572130744655,0.0999426558531989,0.0130226317816763,0.0827679555100182
24.985663963299743,0.0999426558531989,0.0387986236793338,-0.0368205656290551
25.085606619152948,0.0999426558531989,0.0183110711497662,0.0228512668153646
25.185549275006142,0.0999426558531989,-0.0128393585030804,-0.0800638424253937
25.285491930859344,0.0999426558531989,0.0061739747924439,-0.0513859733006774
25.38543458671254,0.0999426558531989,-0.0056778569452522,0.0671949809971233
25.485377242565743,0.0999426558531989,0.0011196985488,-0.0383644180298057
25.58531989841894,0.0999426558531989,-0.0238394048268208,0.0276384292495521
25.68526255427214,0.0999426558531989,-3.196656934451312e-05,0.0388055061087737
25.78520521012534,0.0999426558531989,0.0171201676425349,-0.0082296806186469
25.88514786597854,0.0999426558531989,-9.634664265904576e-05,-0.007156523972357
25.985090521831737,0.0999426558531989,0.0005099491846165,0.0157646112290586
26.08503317768493,0.0999426558531989,-0.0506054627446399,-0.0512025270497865
26.184975833538136,0.0999426558531989,-0.0159022514495125,-0.1153367159495744
26.28491848939133,0.0999426558531989,0.0134260472223861,0.0223066216445379
26.38486114524453,0.0999426558531989,-0.0139364105735847,-0.0152491165926595
26.484803801097733,0.0999426558531989,-0.0147660850787418,-0.0037501026763088
26.58474645695093,0.0999426558531989,0.0051948183820291,-0.0381911862763957
26.68468911280413,0.0999426558531989,-0.0088009378041606,0.1362065518868124
26.78463176865733,0.0999426558531989,0.0233893088908924,0.0550343797462029
26.88457442451053,0.0999426558531989,0.0134099151385657,-0.0367261426317013
26.984517080363727,0.0999426558531989,0.0073930496849701,0.0572641016760867
27.084459736216925,0.0999426558531989,0.0492534092227753,-0.0660830515658048
27.18440239207013,0.0999426558531989,-0.0026496556875819,-0.0343802595993069
27.284345047923324,0.0999426558531989,-0.0135938013407285,-0.0338254912517763
27.38428770377652,0.0999426558531989,-0.0453983735361078,-0.0178697725617824
27.484230359629723,0.0999426558531989,-0.0180906141995626,0.0406040671972177
27.58417301548292,0.0999426558531989,0.0115036696644267,0.0973078782387279
27.68411567133612,0.0999426558531989,-0.0034136232822551,0.0092113753413808
27.78405832718932,0.0999426558531989,0.0020728908508142,-0.1608512994716674
27.88400098304252,0.0999426558531989,0.0337985269782308,0.0050473289472019
27.98394363889572,0.0999426558531989,0.0073556586614809,0.0094166703567226
28.083886294748915,0.0999426558531989,0.0195815494332171,-0.0987593896239329
28.18382895060212,0.0999426558531989,0.0093146698176627,0.0541711099387871
28.283771606455318,0.0999426558531989,0.0062848935451824,0.0088095784271453
28.383714262308512,0.0999426558531989,0.0285788140152522,-0.004362676001221
28.48365691816171,0.0999426558531989,0.0231424817234219,0.0681484365178473
28.58359957401491,0.0999426558531989,0.0055507561508566,0.0453377038381903
28.68354222986811,0.0999426558531989,0.0568789433414407,-0.0001979377178623
28.783484885721307,0.0999426558531989,-0.0012674550285562,-0.00920769498217
28.88342754157451,0.0999426558531989,-0.0045713504884392,-0.0379354000035355
28.983370197427707,0.0999426558531989,-0.0027781585244927,-0.1000920283486399
29.083312853280905,0.0999426558531989,-0.0104038409051252,-0.0481388111420007
29.183255509134103,0.0999426558531989,-0.031417837837513,-0.057452500067084
29.283198164987304,0.0999426558531989,-0.0252841886885813,0.0566770175915354
29.383140820840502,0.0999426558531989,-0.019054599543038,0.0412391838616659
29.4830834766937,0.0999426558531989,0.0119184749547333,-0.0384822229062995
29.5830261325469,0.0999426558531989,-0.0010605334290245,0.0188883834399658
29.6829687884001,0.0999426558531989,0.0159867081270262,0.0136076160914931
29.782911444253298,0.0999426558531989,0.0262845986668544,0.0472027002546089
29.8828541001065,0.0999426558531989,0.0030868093207071,-0.0839816654435914
29.982796755959697,0.0999426558531989,0.0406604061415884,-0.0744010168800104
30.08273941181289,0.0999426558531989,0.030479987426009,-0.0670297665388355
30.182682067666093,0.0999426558531989,0.0109099325926916,0.1292228577904953
30.28262472351929,0.0999426558531989,-0.0069772624277218,-0.0115690536631535
30.38256737937249,0.0999426558531989,0.0308607080421294,-0.0164387238820406
30.48251003522569,0.0999426558531989,-0.0078424526573566,-0.0529089567551944
30.58245269107889,0.0999426558531989,0.0332963293160253,0.0072121363086361
30.68239534693209,0.0999426558531989,0.0345518992140656,-0.024625180831415
30.782338002785288,0.0999426558531989,0.0184023661419225,-0.0117339016320681
30.88228065863849,0.0999426558531989,0.0283688970942399,0.0703327005765602
30.982223314491687,0.0999426558531989,-0.0308705894873652,0.085110537027739
31.082165970344885,0.0999426558531989,0.0295300509782799,-0.0402023657693035
31.182108626198083,0.0999426558531989,-0.0007425147326488,-0.0308418077984565
31.282051282051285,0.0999426558531989,-0.0454763759834226,-0.001996042202422
31.381993937904483,0.0999426558531989,0.02359412151766,-0.0551300875487012
31.48193659375768,0.0999426558531989,0.0159029573053994,0.0409644780725674
31.58187924961088,0.0999426558531989,0.0093688654756348,0.0766131704358759
31.68182190546408,0.0999426558531989,-0.0112038651655835,-0.0377121104977067
31.78176456131728,0.0999426558531989,0.0166833390039391,-0.1130859730512226
31.88170721717048,0.0999426558531989,0.0033615145726245,-0.0099128584427266
31.98164987302368,0.0999426558531989,-0.0093195484958705,-0.0567021833170062
32.081592528876875,0.0999426558531989,-0.0118466715766233,0.0159958134116107
32.18153518473007,0.0999426558531989,0.0005553291645366,0.0371736161816949
32.28147784058327,0.0999426558531989,0.0193247704497945,-0.0483623106856163
32.38142049643647,0.0999426558531989,-0.0140081833323754,-0.0026220799701087
32.481363152289674,0.0999426558531989,0.0240073985279072,-0.032359394195062
32.58130580814287,0.0999426558531989,0.0141060297844989,0.0717182333695787
32.68124846399607,0.0999426558531989,0.0330711714945384,-0.0543110368729775
32.78119111984927,0.0999426558531989,0.0230226656411134,0.0005568854439622
32.881133775702466,0.0999426558531989,0.0397477151412866,-0.0574438740139393
32.981076431555664,0.0999426558531989,0.0050921399864484,0.0813762660850972
33.08101908740886,0.0999426558531989,0.0284672522568085,0.0964345389727122
33.18096174326207,0.0999426558531989,0.0116981592831434,0.0370177294668942
33.280904399115265,0.0999426558531989,0.0275609891648346,0.0132143544468065
33.38084705496846,0.0999426558531989,0.0508222469880711,0.0072091452846039
33.48078971082166,0.0999426558531989,0.0322737751237291,-0.0616670866022558
33.58073236667486,0.0999426558531989,0.0180728087968018,0.0194906633017844
33.68067502252806,0.0999426558531989,0.0147652508365863,0.0332141911778334
33.78061767838126,0.0999426558531989,0.0125680476981564,0.051672181342114
33.88056033423446,0.0999426558531989,-0.0272764459793455,0.002336142931724
33.98050299008766,0.0999426558531989,-0.0036112178073846,0.020598550851052
34.080445645940856,0.0999426558531989,0.0260578137239965,0.0166618502167371
34.18038830179405,0.0999426558531989,0.0437887981094419,0.0719007051740625
34.28033095764725,0.0999426558531989,0.0223808148751442,0.0361413755408805
34.38027361350045,0.0999426558531989,-0.013070661138487,-0.0172341176419317
34.480216269353654,0.0999426558531989,0.0167340591005806,0.0533392007605024
34.58015892520685,0.0999426558531989,-0.0218709983742446,-0.1019223416711933
34.68010158106005,0.0999426558531989,-0.0118754295636143,0.0503656823840077
34.78004423691325,0.0999426558531989,0.030310118425911,0.0078066925814576
34.879986892766446,0.0999426558531989,-0.0359277251456864,-0.0442681751807426
34.979929548619644,0.0999426558531989,0.0221182101633399,-0.0379166942853512
35.07987220447284,0.0999426558531989,-0.0561691284302563,-0.0202846086896871
35.17981486032605,0.0999426558531989,-0.0100996879257611,-0.0775518528089075
35.279757516179245,0.0999426558531989,0.0302577991413127,0.007234811257527
35.37970017203244,0.0999426558531989,0.0025615843188483,0.0454815012936797
35.47964282788564,0.0999426558531989,0.0136525915081379,-0.0159788533999034
35.57958548373884,0.0999426558531989,0.0444450356580317,0.0530282395486339
35.67952813959204,0.0999426558531989,-0.0290414278809621,0.1302761602255367
35.779470795445235,0.0999426558531989,0.0286580847470031,-0.0047033127052973
35.87941345129844,0.0999426558531989,0.0345239357178332,0.0141904371073088
35.97935610715164,0.0999426558531989,0.0122317127398506,-0.0598011597882755
36.07929876300484,0.0999426558531989,0.000510675453383,-0.0247528032286007
36.179241418858034,0.0999426558531989,-0.0149813716614327,0.0175445847791471
36.27918407471123,0.0999426558531989,0.0147326407243555,-0.0072690182770866
36.37912673056443,0.0999426558531989,0.0024992573514697,-0.0280708883256624
36.47906938641763,0.0999426558531989,0.007407640596386,-0.0026442118289679
36.57901204227083,0.0999426558531989,0.0135951571856741,0.0553994356260079
36.67895469812403,0.0999426558531989,0.0134820542548259,0.0310790979856418
36.77889735397723,0.0999426558531989,-0.0246415735139918,0.0551462949697711
36.87884000983043,0.0999426558531989,-0.0074854963932768,-0.0509617007317169
36.97878266568362,0.0999426558531989,-0.0048993161661375,-0.0112129654836348
37.07872532153682,0.0999426558531989,0.0045811578026914,-0.0394699640069188
37.17866797739002,0.0999426558531989,0.0224762273599742,0.0808332910101247
37.278610633243225,0.0999426558531989,-0.0106060745257185,0.0308518225964942
37.37855328909642,0.0999426558531989,-0.0131744455898297,0.0450294108045488
37.47849594494962,0.0999426558531989,0.0351271030027302,0.0196759225386861
37.57843860080282,0.0999426558531989,0.0202379014013684,-0.0591799700794773
37.67838125665602,0.0999426558531989,-0.0045136943102057,-0.0257915550408043
37.778323912509215,0.0999426558531989,0.0077257903649355,0.019742387948799
37.87826656836242,0.0999426558531989,-0.0009382323472236,0.0123533338164064
37.97820922421562,0.0999426558531989,0.0109811982525803,0.0108027123973673
38.078151880068816,0.0999426558531989,-0.0025925544173631,0.0591835381678506
38.178094535922014,0.0999426558531989,0.0091300004055432,-0.0764335450218207
38.27803719177521,0.0999426558531989,0.0199266280873154,-0.0485160078504969
38.37797984762841,0.0999426558531989,0.0090772932762338,0.0322738058090003
38.47792250348161,0.0999426558531989,-0.0363118590101366,0.0640777999975803
38.57786515933481,0.0999426558531989,-0.010145732398628,0.0387895625754984
38.67780781518801,0.0999426558531989,-0.0110149031397711,-0.0123047617748411
38.77775047104121,0.0999426558531989,0.0226664259765413,0.0005615052009086
38.87769312689441,0.0999426558531989,-0.0135685387907666,-0.0244522069249042
38.977635782747605,0.0999426558531989,-0.0074896219436661,0.0369754038983691
39.0775784386008,0.0999426558531989,0.0125618545379431,0.0190023673477201
39.177521094454,0.0999426558531989,-0.0344946614998625,0.0373733186052265
39.277463750307206,0.0999426558531989,0.0285687375732988,0.0152625763327084
39.3774064061604,0.0999426558531989,-0.0001808538151904,0.07065664437981
39.4773490620136,0.0999426558531989,-0.0046527232096006,-0.0071593608254307
39.5772917178668,0.0999426558531989,-0.0196654882682079,0.0306723982200518
39.67723437372,0.0999426558531989,0.097116307058651,-0.0500524262028312
39.7771770295732,0.0999426558531989,0.0242357525765837,-0.0857521792355607
39.87711968542639,0.0999426558531989,0.0046895195736782,-0.0491887277249453
39.9770623412796,0.0999426558531989,0.034443820537487,0.0249014091234855
40.0770049971328,0.0999426558531989,0.0363014156735327,0.0253328095476693
40.176947652986,0.0999426558531989,0.006885987848445,0.1229098363716822
40.27689030883919,0.0999426558531989,-0.0013551707834412,-0.022843506028972
40.37683296469239,0.0999426558531989,-0.0082687154820712,0.0481921039305479
40.47677562054559,0.0999426558531989,-0.0269261002651474,-0.0200015110583774
40.57671827639879,0.0999426558531989,0.0131823400023975,0.0095876104958149
40.67666093225199,0.0999426558531989,0.0056732823115133,-0.0430192550467999
40.77660358810519,0.0999426558531989,-0.0177922595523472,0.0089059137890025
40.87654624395839,0.0999426558531989,0.0093148642771993,-0.0622721506734061
40.97648889981159,0.0999426558531989,0.0544769426173123,-0.0370721984181119
41.07643155566478,0.0999426558531989,-0.019216665988526,0.007921878163199
41.17637421151798,0.0999426558531989,0.0202658794014889,0.0015094610621422
41.27631686737118,0.0999426558531989,-0.0035036843695619,0.0244382693575372
41.376259523224384,0.0999426558531989,0.0046894137490133,0.0127740314455438
41.47620217907758,0.0999426558531989,-0.0049464054561278,-0.0308616872572138
41.57614483493078,0.0999426558531989,-0.034658587666112,-0.0415600258496854
41.67608749078398,0.0999426558531989,0.0125763680952892,0.0510626044130445
41.776030146637176,0.0999426558531989,0.0147399630391155,0.0276705172218117
41.87597280249037,0.0999426558531989,0.0338659281577158,0.0611080966808335
41.97591545834358,0.0999426558531989,0.0060600660900352,0.0642809151322607
42.07585811419678,0.0999426558531989,0.0061694313152052,-0.038740375461642
42.175800770049975,0.0999426558531989,0.0146645455069665,-0.0180948310047768
42.27574342590317,0.0999426558531989,0.0024876289934909,-0.0126716924164766
42.37568608175637,0.0999426558531989,-0.0254506965469103,-0.1306025013358654
42.47562873760957,0.0999426558531989,0.0062149837302393,-0.0450248575261476
42.575571393462766,0.0999426558531989,0.0060364945859881,-0.0022648814373797
42.67551404931597,0.0999426558531989,-0.0306353509264765,-0.0344629811820605
42.77545670516917,0.0999426558531989,-0.0157414495281933,0.0056509308115605
42.87539936102237,0.0999426558531989,0.0281076342606742,0.0316865890407321
42.975342016875565,0.0999426558531989,0.0423768526618543,-0.0549575793781524
43.07528467272876,0.0999426558531989,0.020841316326725,-0.0870111844063535
43.17522732858196,0.0999426558531989,0.0290461239176162,0.1026521876580923
43.27516998443516,0.0999426558531989,-0.0140534676940704,-0.0490241741312408
43.37511264028837,0.0999426558531989,0.0234674735668813,0.051730644903451
43.47505529614156,0.0999426558531989,0.0636900830696395,-0.0337693692625939
43.57499795199476,0.0999426558531989,0.0100755958932859,0.0394407323581542
43.67494060784796,0.0999426558531989,-0.0136397781287843,0.0578454244939811
43.77488326370116,0.0999426558531989,0.0105006688619963,0.0861777809223186
43.874825919554354,0.0999426558531989,-0.0455180563975183,0.0342483925294448
43.97476857540755,0.0999426558531989,0.0512566217836749,0.0205626419100529
44.07471123126076,0.0999426558531989,0.0099936145460058,0.0273368080044308
44.17465388711396,0.0999426558531989,0.0085635064702655,-0.0359196856282857
44.27459654296715,0.0999426558531989,-0.0091744994085573,0.0434368516616957
44.37453919882035,0.0999426558531989,-0.0051219981202099,-0.0340283598203592
44.47448185467355,0.0999426558531989,-0.0036366339911241,-0.151504674902643
44.57442451052675,0.0999426558531989,0.0077306314404704,-0.0798711502144377
44.674367166379945,0.0999426558531989,0.0075474473339272,-0.0376779119411398
44.77430982223315,0.0999426558531989,-0.0084645625572768,0.0146393490962245
44.87425247808635,0.0999426558531989,-0.0163396521859162,0.0346901213334899
44.974195133939546,0.0999426558531989,0.0122950592768436,0.0267165105533405
45.07413778979274,0.0999426558531989,-0.0018515454031701,0.0505469020194866
45.17408044564594,0.0999426558531989,0.039747641547484,0.0070768252392209
45.27402310149914,0.0999426558531989,0.0143787619704555,-0.0514364677812819
45.37396575735234,0.0999426558531989,0.0049447423436271,-0.0079743944613352
45.47390841320554,0.0999426558531989,0.0098993296041793,-0.1056323180641079
45.57385106905874,0.0999426558531989,0.0121615128471457,-0.0601411083634392
45.67379372491194,0.0999426558531989,0.0148281950249802,0.0156051549462453
45.773736380765136,0.0999426558531989,0.0131803475979191,-0.07339986988935
45.873679036618334,0.0999426558531989,0.010571159369644,0.0519356423204965
45.97362169247153,0.0999426558531989,0.0178154190385364,0.0482175539566928
46.07356434832474,0.0999426558531989,0.0105185269084991,0.0317652178411398
46.173507004177935,0.0999426558531989,-0.0217681249819463,0.048677117171275
46.27344966003113,0.0999426558531989,-0.0056517843262816,-0.0632648177241647
46.37339231588433,0.0999426558531989,0.0107190270458755,-0.0749189501864285
46.47333497173753,0.0999426558531989,0.0175977667105442,-0.0195567187108596
46.57327762759073,0.0999426558531989,-0.0515920306418673,0.0352334203286297
46.673220283443925,0.0999426558531989,-0.0121592040430346,0.0171984177962612
46.77316293929713,0.0999426558531989,0.012521142661263,0.0484616850125222
46.87310559515033,0.0999426558531989,0.0071568651482695,0.0588991400212425
46.973048251003526,0.0999426558531989,0.0337227763938368,-0.0699678610488105
47.07299090685672,0.0999426558531989,-0.0261663511531834,0.0392475319739341
47.17293356270992,0.0999426558531989,0.016668758298963,0.011968171787445
47.27287621856312,0.0999426558531989,-0.0105663548224198,0.0209543919272922
47.37281887441632,0.0999426558531989,0.0340572924571402,0.0206326145751777
47.47276153026952,0.0999426558531989,0.0265435199282655,-0.0059334427836324
47.57270418612272,0.0999426558531989,0.0231077556550735,-0.005397644984539
47.67264684197592,0.0999426558531989,0.0122540535621345,-0.0190763553092171
47.77258949782912,0.0999426558531989,-0.0032529019380919,-0.0032393267700713
47.87253215368232,0.0999426558531989,0.0318001066093915,0.0123269227733803
47.97247480953551,0.0999426558531989,-0.0108323743940971,-0.0876031965897683
48.07241746538871,0.0999426558531989,-0.0105536273920326,0.0566313437735863
48.17236012124192,0.0999426558531989,0.0076711843006487,0.0433283910493975
48.27230277709511,0.0999426558531989,-0.0167803447677346,0.0544348223178965
48.37224543294831,0.0999426558531989,0.0294025360173021,0.0816069681521007
48.47218808880151,0.0999426558531989,0.0160910308337712,0.0022019669258469
48.57213074465471,0.0999426558531989,0.007628184032737,0.019233766675714
48.67207340050791,0.0999426558531989,0.0143567493657872,-0.0004106275674045
48.7720160563611,0.0999426558531989,-0.0252459177625481,0.0203764614076671
48.87195871221431,0.0999426558531989,0.015376457035751,-0.0633369606006922
48.97190136806751,0.0999426558531989,0.0111584636984218,-0.0952638424727689
49.071844023920704,0.0999426558531989,-0.0019480301013565,-0.0211132324687295
49.1717866797739,0.0999426558531989,0.0136420310660672,0.1195342777379407
49.2717293356271,0.0999426558531989,0.0393572070866124,-0.0467717170881895
49.3716719914803,0.0999426558531989,0.0107225826471811,-0.0193522321529834
49.4716146473335,0.0999426558531989,-0.0129141760040074,-0.0046399425323385
49.5715573031867,0.0999426558531989,0.0392464441163756,-0.0589854235195702
49.6714999590399,0.0999426558531989,0.0084597886293719,0.0389418077400271
49.7714426148931,0.0999426558531989,0.0290187685103213,0.0984331978499333
49.871385270746295,0.0999426558531989,0.0259896959450037,-0.0975740292878562
49.97132792659949,0.0999426558531989,0.0070069062262482,0.0479714670246959
50.07127058245269,0.0999426558531989,0.0085587293192744,-0.0578139509249277
50.171213238305896,0.0999426558531989,-0.017412114794302,0.0089389536460655
50.27115589415909,0.0999426558531989,0.0525471541097213,-0.0914600925343783
50.37109855001229,0.0999426558531989,0.0446108253053098,-0.0296354050066702
50.47104120586549,0.0999426558531989,0.0086301679514581,-0.045628376127445
50.57098386171869,0.0999426558531989,0.0401492133828636,-0.0692677648170067
50.670926517571885,0.0999426558531989,-0.0229544312938349,-0.0053331735904476
50.77086917342508,0.0999426558531989,0.0052508216542017,-0.040060500554016
50.87081182927829,0.0999426558531989,-0.0200217445853922,0.0146069248486336
50.970754485131486,0.0999426558531989,0.0242125366863852,-0.0440718639811183
51.07069714098469,0.0999426558531989,0.0318690033008926,0.0112795008591868
51.17063979683788,0.0999426558531989,0.0148094624477438,0.0865240537298695
51.27058245269108,0.0999426558531989,0.0238680124031205,0.0651479758262777
51.37052510854428,0.0999426558531989,-0.0319063180446741,0.0726632025042284
51.47046776439748,0.0999426558531989,-0.0021011895480158,0.0795812090285789
51.57041042025068,0.0999426558531989,0.0623652511969907,-0.0803258003712256
51.67035307610388,0.0999426558531989,0.0618721823893836,0.016922116042292
51.77029573195708,0.0999426558531989,0.0116298255573725,-0.0240807537560906
51.87023838781028,0.0999426558531989,-0.0144041459233325,0.0378214865984014
51.97018104366347,0.0999426558531989,-0.0080079189216485,0.057245938510753
52.07012369951667,0.0999426558531989,0.0324469461756816,0.0198461933502022
52.17006635536987,0.0999426558531989,0.0300196275719441,0.0857356739428212
52.270009011223074,0.0999426558531989,-0.0079023252445622,0.0378181012834856
52.36995166707627,0.0999426558531989,0.0037907447854056,0.0124214403145973
52.46989432292947,0.0999426558531989,0.0070344254737603,0.0311376587767471
52.56983697878267,0.0999426558531989,-0.0333836223094316,0.0144536461477834
52.669779634635866,0.0999426558531989,0.0077355547047045,-0.0729310091453228
52.76972229048906,0.0999426558531989,-0.0048055162987904,-0.0637038230203356
52.86966494634226,0.0999426558531989,-0.0392332998335012,-0.0711145910847381
52.96960760219547,0.0999426558531989,0.0357172151768056,0.0137311596730401
53.069550258048665,0.0999426558531989,0.0455109006088809,0.0632743227373951
53.16949291390186,0.0999426558531989,-0.0047895818975928,-0.0059704969946093
53.26943556975506,0.0999426558531989,0.0134455109030182,-0.0096938524185129
53.36937822560826,0.0999426558531989,0.0095845801916148,-0.0226171916567053
53.46932088146146,0.0999426558531989,-0.0272915133703441,-0.050501007288226
53.56926353731466,0.0999426558531989,0.0344894411745131,0.0408256414839849
53.66920619316786,0.0999426558531989,-0.010743537542381,0.0278786549992187
53.76914884902106,0.0999426558531989,-0.0237461045378411,-0.0815291423054443
53.869091504874255,0.0999426558531989,0.0154597781125456,-0.0631976910441912
53.96903416072745,0.0999426558531989,0.0110183308919891,0.0256801352300591
54.06897681658065,0.0999426558531989,-0.0081214220523717,-0.035334743284542
54.16891947243385,0.0999426558531989,-0.0069316428650578,0.0204844138467012
54.268862128287054,0.0999426558531989,0.0549718120557663,0.0214171003368651
54.36880478414025,0.0999426558531989,-0.0381568502674344,0.0579174078277396
54.46874743999345,0.0999426558531989,-0.0228131129288463,-0.0252144077311359
54.56869009584665,0.0999426558531989,0.03129533423846,-0.0251376655105416
54.668632751699846,0.0999426558531989,-0.0028882102670322,0.1191881488949087
54.76857540755304,0.0999426558531989,0.0291379775780544,0.0270783019839637
54.86851806340624,0.0999426558531989,0.0377736322966578,0.0093998259708428
54.96846071925945,0.0999426558531989,0.0157752263976435,-0.0195123443338469
55.068403375112645,0.0999426558531989,-0.0162261162871494,-0.1258650168671013
55.16834603096584,0.0999426558531989,-0.0186062548173009,-0.0741494415693249
55.26828868681904,0.0999426558531989,0.0410555199865018,-0.0150348651578332
55.36823134267224,0.0999426558531989,0.0422931238646502,-0.0156382978101641
55.46817399852544,0.0999426558531989,0.0317071920163987,0.0319204771284855
55.56811665437864,0.0999426558531989,0.0495837583727494,0.0475900453873179
55.66805931023184,0.0999426558531989,0.0355953142948797,0.0890440586246576
55.76800196608504,0.0999426558531989,0.0300050441810628,0.0198917973346161
55.86794462193824,0.0999426558531989,0.002639612550853,-0.1055540174813157
55.96788727779144,0.0999426558531989,0.0200460106645245,-0.001466665328303
56.06782993364463,0.0999426558531989,0.0030550452686147,-0.0400407043583198
56.16777258949783,0.0999426558531989,-0.0553759209971991,0.0682650832320182
56.26771524535103,0.0999426558531989,0.0379754404698673,0.0795032517044715
56.36765790120423,0.0999426558531989,0.0203795603391365,-0.0595004404701207
56.46760055705743,0.0999426558531989,0.0130333179241104,-0.1471051922649526
56.56754321291063,0.0999426558531989,0.0233836851425818,0.0566612792614175
56.66748586876383,0.0999426558531989,0.0140938706916524,0.0139485896080817
56.767428524617024,0.0999426558531989,0.0057693130917206,-0.022061160396549
56.86737118047022,0.0999426558531989,0.0082182548438722,0.0417744337360983
56.96731383632342,0.0999426558531989,0.0088349005382508,0.0081396481338391
57.06725649217663,0.0999426558531989,0.0162490856112504,-0.0635247692988111
57.16719914802982,0.0999426558531989,0.0379119241836655,0.019577906874535
57.26714180388302,0.0999426558531989,-0.0037426568758615,0.0276387182529518
57.36708445973622,0.0999426558531989,-0.0096791777728067,-0.0111970160413681
57.46702711558942,0.0999426558531989,0.0052350661342905,0.0462036117416949
57.566969771442615,0.0999426558531989,0.0034134465496928,0.0108082389159096
57.66691242729582,0.0999426558531989,0.0411656662729044,0.0592384445163389
57.76685508314902,0.0999426558531989,-0.0234119881372316,0.0063428253632414
57.866797739002216,0.0999426558531989,-0.0128647924137942,-0.0827059738181446
57.96674039485541,0.0999426558531989,-0.0355950526877131,0.0509920800629913
58.06668305070861,0.0999426558531989,0.0276572767175792,-0.1128112146183821
58.16662570656181,0.0999426558531989,0.022302926847391,0.0542100603988362
58.26656836241501,0.0999426558531989,0.0207889454727468,-0.0120070651744
58.36651101826821,0.0999426558531989,-0.0073261120927229,-0.0304659771413457
58.46645367412141,0.0999426558531989,0.0332936713442381,0.0558428167989329
58.56639632997461,0.0999426558531989,-0.0196834671804448,0.0112893699492587
58.66633898582781,0.0999426558531989,0.0040931675046391,-0.0217224134953724
58.766281641681005,0.0999426558531989,-0.0189228091581608,0.0031928231393188
58.8662242975342,0.0999426558531989,0.012594427047501,0.0570490374863465
58.9661669533874,0.0999426558531989,0.0829678893926262,-0.0258760160157663
59.066109609240605,0.0999426558531989,0.0099686356276331,-0.0365590879230733
59.1660522650938,0.0999426558531989,-0.0015909518971806,-0.0485949895788481
59.265994920947,0.0999426558531989,-0.0021129817462118,-0.0363126308733396
59.3659375768002,0.0999426558531989,-0.0095251045811979,0.0588522220920041
59.4658802326534,0.0999426558531989,0.0095627915914403,0.0107600962138994
59.5658228885066,0.0999426558531989,0.0726074822605121,0.0557017240499813
59.66576554435979,0.0999426558531989,0.0177323762215208,0.0202485994277373
59.765708200213,0.0999426558531989,-0.0353269531510479,-0.0434920597740247
59.8656508560662,0.0999426558531989,-0.0179534106413426,0.1287537494060086
59.965593511919394,0.0999426558531989,0.022967358018388,0.0579776473095958
60.06553616777259,0.0999426558531989,0.0013184501618903,0.0736339933943029
60.16547882362579,0.0999426558531989,0.0058026698855974,0.0539737152450046
60.26542147947899,0.0999426558531989,0.0105494260991166,0.0512281834853548
60.365364135332186,0.0999426558531989,0.0150808409374789,0.1008272413113122
60.46530679118539,0.0999426558531989,0.022126494032162,-0.0062819244796209
60.56524944703859,0.0999426558531989,0.0089753502814972,-0.0145849524006395
60.66519210289179,0.0999426558531989,-0.0033943723253149,0.0216818086496231
60.765134758744985,0.0999426558531989,0.003724429248803,0.0947677113279552
60.86507741459818,0.0999426558531989,0.0034633598004118,0.0007160725990744
60.96502007045138,0.0999426558531989,0.005187013678695,0.0913779716519316
61.064962726304586,0.0999426558531989,-0.0216546701975166,-0.0482456070302551
61.16490538215778,0.0999426558531989,-0.0469067811202781,0.0027744520412668
61.26484803801098,0.0999426558531989,0.0166424101061187,0.029580247389359
61.36479069386418,0.0999426558531989,0.0008354937873664,0.0438214603941855
61.46473334971738,0.0999426558531989,0.0252659809372213,0.0011022337847706
61.564676005570576,0.0999426558531989,-0.0067921348001749,0.0626633040144134
61.66461866142377,0.0999426558531989,-0.0085003350542916,0.0929498611427171
61.76456131727698,0.0999426558531989,-0.0081313045719696,-0.0150590979317409
61.86450397313018,0.0999426558531989,0.0049261037730728,0.0138189748064175
61.964446628983374,0.0999426558531989,-0.000153916871926,-0.0954105766970055
62.06438928483657,0.0999426558531989,0.0116952579683449,-0.1024013750125802
62.16433194068977,0.0999426558531989,0.0316010692159878,0.0601370887696187
62.26427459654297,0.0999426558531989,0.0126357024270924,0.0200029449264778
62.364217252396166,0.0999426558531989,0.001270732907264,-0.089495899729882
62.46415990824937,0.0999426558531989,-0.0001852828728675,0.0154377908213381
62.56410256410257,0.0999426558531989,0.007116948299529,0.0061262726448386
62.66404521995577,0.0999426558531989,0.0296866134668292,-0.0254772563231325
62.763987875808965,0.0999426558531989,0.0286075725394242,0.0572391802360854
62.86393053166216,0.0999426558531989,0.0033496955153765,0.0234284549507921
62.96387318751536,0.0999426558531989,0.0225685397730208,-0.0654422928888906
63.06381584336856,0.0999426558531989,-0.0148957369458978,0.0790408387444707
63.16375849922176,0.0999426558531989,-0.0129502998174226,-0.0207084493650911
63.26370115507496,0.0999426558531989,-0.029956893958518,-0.0239971828901124
63.36364381092816,0.0999426558531989,0.0162975162422982,0.0178142980076573
63.46358646678136,0.0999426558531989,-0.0283184520342911,-0.0014147602102867
63.56352912263456,0.0999426558531989,-0.0022758061541477,-0.0494044381434769
63.66347177848776,0.0999426558531989,0.0215486091729253,-0.0423833766596365
63.76341443434095,0.0999426558531989,-0.0253624441481661,0.0608742365264942
63.86335709019416,0.0999426558531989,0.0164714624464919,0.0300061734015614
63.96329974604736,0.0999426558531989,0.0335132242187508,-0.0658828490267248
64.06324240190055,0.0999426558531989,0.0471366897708852,0.0472981369125857
64.16318505775375,0.0999426558531989,-0.0025781004871125,-0.0767728887311331
64.26312771360695,0.0999426558531989,0.0217683027888706,-0.0123052914353468
64.36307036946015,0.0999426558531989,-0.0082374816276656,-0.0275699369234704
64.46301302531334,0.0999426558531989,0.0038777197676361,-0.0300409885100586
64.56295568116654,0.0999426558531989,0.0522794472523964,0.1137128978367106
64.66289833701974,0.0999426558531989,-0.0088828315909311,-0.0119436219448197
64.76284099287294,0.0999426558531989,0.034564509538986,0.1254576726161668
64.86278364872615,0.0999426558531989,-0.0151797397272603,-0.0540369526023426
64.96272630457935,0.0999426558531989,-0.0080368015346408,-0.0375855184137561
65.06266896043255,0.0999426558531989,-0.0158477920356497,-0.0071177835500947
65.16261161628574,0.0999426558531989,-0.0180814638577227,0.0325551978905071
65.26255427213894,0.0999426558531989,0.0031569925607996,-0.0385319637219045
65.36249692799214,0.0999426558531989,-0.0417170154631137,0.0615456870421444
65.46243958384534,0.0999426558531989,0.0044284581830026,0.0186998758693135
65.56238223969854,0.0999426558531989,0.0468607860680669,-0.078166430356281
65.66232489555173,0.0999426558531989,0.0028753340374969,0.0244403955200946
65.76226755140493,0.0999426558531989,-0.0130396786848083,0.036014637343687
65.86221020725813,0.0999426558531989,0.0093394956394389,0.0128427734289053
65.96215286311133,0.0999426558531989,0.0052488125971111,-0.0204245781930835
66.06209551896453,0.0999426558531989,0.0222369282476021,-0.025368859098197
66.16203817481772,0.0999426558531989,0.0121143467402667,-0.0101061206027664
66.26198083067094,0.0999426558531989,0.0242582534788176,-0.0190381993399266
66.36192348652413,0.0999426558531989,0.0034240069917635,-0.0427268808361058
66.46186614237733,0.0999426558531989,-0.0128429651365848,-0.0215552062273289
66.56180879823053,0.0999426558531989,0.0061051425626676,-0.1182885064273522
66.66175145408373,0.0999426558531989,0.0110213691879529,-0.0968617718144817
66.76169410993693,0.0999426558531989,-0.0093763349779997,-0.0313456325820329
66.86163676579012,0.0999426558531989,-0.002996451709466,-0.034243203765873
66.96157942164332,0.0999426558531989,-0.0251474374367971,-0.0246930445237757
67.06152207749652,0.0999426558531989,-0.0212472500721516,-0.0906285013672694
67.16146473334972,0.0999426558531989,-0.0119003859203832,0.003942078419661
67.26140738920292,0.0999426558531989,-0.001426423013804,0.0085159719231448
67.36135004505611,0.0999426558531989,-0.0025565063464746,0.0001611780139993
67.46129270090931,0.0999426558531989,0.017578289063205,-0.0077331142252866
67.56123535676252,0.0999426558531989,0.0034000395852897,-0.0018618828491572
67.66117801261572,0.0999426558531989,-0.0014243349911004,-0.0796744119558864
67.76112066846892,0.0999426558531989,-0.0036063756574876,0.0472728679164514
67.86106332432212,0.0999426558531989,0.0291763451966748,0.0145818041144663
67.96100598017532,0.0999426558531989,-0.0333241450874716,-0.0196286955984457
68.06094863602851,0.0999426558531989,-0.0204862176346825,-0.0888798062576129
68.16089129188171,0.0999426558531989,-0.0008066976605216,-0.0204384449844571
68.26083394773491,0.0999426558531989,-0.0002533485452993,-0.0747860537457893
68.3607766035881,0.0999426558531989,0.0129364668684545,-0.0919383550209723
68.4607192594413,0.0999426558531989,0.0276563747906126,-0.0471703575266324
68.5606619152945,0.0999426558531989,0.0198404620997316,-0.018696158981792
68.6606045711477,0.0999426558531989,0.0005004657905315,0.0863318858076088
68.7605472270009,0.0999426558531989,-0.0203689064275648,0.0617248073741179
68.8604898828541,0.0999426558531989,-0.0186395283481164,-0.0252393694597153
68.96043253870731,0.0999426558531989,0.0074856715142959,-0.0276033393777356
69.0603751945605,0.0999426558531989,0.0015959514411224,0.0575145521296738
69.1603178504137,0.0999426558531989,0.0117499301058996,-0.0326081750899759
69.2602605062669,0.0999426558531989,0.0089599111612187,-0.0313782222813841
69.3602031621201,0.0999426558531989,0.0455590067825804,0.0255425744464472
69.4601458179733,0.0999426558531989,0.0315815034709579,-0.0565459812769348
69.5600884738265,0.0999426558531989,-0.0014604819033003,-0.0242004940958725
69.6600311296797,0.0999426558531989,0.0221630878789874,0.0467028135452387
69.75997378553289,0.0999426558531989,0.0115802346152777,-0.0307735267164275
69.85991644138609,0.0999426558531989,0.0151339686795428,0.021004623189187
69.95985909723929,0.0999426558531989,0.054156955689605,0.047522418591796
70.05980175309249,0.0999426558531989,-0.0253847962512518,0.0654082749570571
70.15974440894568,0.0999426558531989,-0.000556427699764,-0.0179718665043913
70.25968706479888,0.0999426558531989,-0.0255110692496644,0.0150105304514317
70.3596297206521,0.0999426558531989,0.0373757449860335,0.1256674928445919
70.45957237650529,0.0999426558531989,0.0242999075710424,-0.0077366725124974
70.55951503235849,0.0999426558531989,0.0092989551235106,-0.01818374897083
70.65945768821169,0.0999426558531989,-0.0292722723009414,-0.00826161549431
70.75940034406489,0.0999426558531989,-0.0029097050291777,-0.0175401238958848
70.85934299991808,0.0999426558531989,0.044299340879108,0.0929528118781713
70.95928565577128,0.0999426558531989,0.006238936632825,0.0460108513087468
71.05922831162448,0.0999426558531989,0.006587438741693,-0.004506614735324
71.15917096747768,0.0999426558531989,0.023144896889379,0.001144869306756
71.25911362333088,0.0999426558531989,0.0271799542978056,0.0385334201516086
71.35905627918407,0.0999426558531989,-0.0046529439910082,0.0777723346013427
71.45899893503727,0.0999426558531989,0.0466252837512874,-0.004500278684954
71.55894159089047,0.0999426558531989,0.0101491005237505,0.0534041609893404
71.65888424674368,0.0999426558531989,0.0171285310141509,0.0193393678733348
71.75882690259688,0.0999426558531989,-0.0035898315558093,0.0175992579910639
71.85876955845008,0.0999426558531989,0.0238828729794186,-0.0237484181106296
71.95871221430328,0.0999426558531989,-0.0085590618343383,-0.0414888085360903
72.05865487015647,0.0999426558531989,0.0475195220456749,0.1155144843287734
72.15859752600967,0.0999426558531989,-0.0272447796942025,0.0129727137622799
72.25854018186287,0.0999426558531989,0.030011356595467,-0.0031000405609581
72.35848283771607,0.0999426558531989,0.0196171102809021,-0.0128397419843912
72.45842549356927,0.0999426558531989,0.0054403686701669,-0.0444330446368988
72.55836814942246,0.0999426558531989,-0.0270416462953668,-0.0376299067574759
72.65831080527566,0.0999426558531989,0.0319479259393294,0.0289716610221277
72.75825346112886,0.0999426558531989,-0.0053355200631835,-0.0314675823474334
72.85819611698206,0.0999426558531989,-0.0328627860766719,-0.0043486716915011
72.95813877283526,0.0999426558531989,-0.0272088202581857,-0.1257011116509124
73.05808142868847,0.0999426558531989,0.0304440226181817,0.0279053314096786
73.15802408454167,0.0999426558531989,0.0065131213563145,-0.072348613576891
73.25796674039486,0.0999426558531989,0.0455642582644301,0.0598848016940549
73.35790939624806,0.0999426558531989,0.0277069659638043,-0.0758156750918514
73.45785205210126,0.0999426558531989,0.0080393622766598,0.0105219606356605
73.55779470795446,0.0999426558531989,-0.0323970399083162,0.0990361448906039
73.65773736380766,0.0999426558531989,0.0034369718561705,-0.1877721509408703
73.75768001966085,0.0999426558531989,-0.0314038759650953,-0.1563087601511421
73.85762267551405,0.0999426558531989,-8.00297685607802e-05,0.0173806306794836
73.95756533136725,0.0999426558531989,0.0119330658661492,-0.0517240175690533
74.05750798722045,0.0999426558531989,-0.0316359687938122,-0.0222089883213836
74.15745064307364,0.0999426558531989,-0.0090335602933831,-0.0279964559835413
74.25739329892684,0.0999426558531989,0.0004253243694372,-0.0127253465959601
74.35733595478004,0.0999426558531989,-0.0230108095183735,-0.0088477385619803
74.45727861063325,0.0999426558531989,-0.0234128218422061,0.0348646133136205
